random_id,participant_id,n
p0dl5tzjk4h,Beaver,19
p0go4ncrpwf,panda,19
p0tm9mgvowx,otter,19
p10j4aq34cj,shark,19
p11mpfuj81s,gazelle,19
p4jsogdq5ca,seal,19
p5gtqqp484d,moose,19
p5oclf9aw4j,pelican,19
p69wrnpn1ap,penguin,19
p7btkmsoztz,eagle,19
p8wcpwef408,hyena,19
p9mqf1fkco8,manatee,19
p9nc8z92j4v,leopard,19
pbdrqzn8ble,2341,19
pbptnzerqf5,tiger,19
pc8s2khtj20,koala,19
ph35mdsngb9,trex,19
pjaqzem446m,gorilla,19
pmeb6mpm526,p73,19
pnz86py3p8g,kangaroo,19
po33dy36rka,falcon,19
pqmjkjum794,camel,19
prhh5yc92ve,A17689315,19
prmo1eqejrh,axolotl,19
pt2sphwltvz,flamingo,19
ptrp23x2ahz,dolphin,19
puq2nv5pqh4,llama,19
puvswd4q5jk,cheetah,19
pv6vk1yvtom,heron,19
pvcxkgc1qo0,cricket,19
pvj8dw4hywk,rhino,19
pvpuabt8dhm,antelope,19
pvt9ya5x1k1,parrot,19
pw2wswc98dh,jaguar,19
pw7l7q14j71,badger,19
px14kvabqqn,squirrel,19
pxuywmv74zn,hedgehog,19
pz2qn5qeqah,lion,19
pzq1ubhyvdn,turtle,19
